{"mean": [4.230803240163314e-15, 3.246903038703231e-13], "std": [1.0000000000005418, 0.9999999999979632]}
